title,description,location,requirements,published,views,replies,english_level,years_of_experience
Str.Middle/Senior Python Developer,"Looking for an experienced Python engineer who is proficient with Python, Postgres, SQL. The project is a high performance web application to view and analyze domain specific data. A commitment to collaborative problem solving, sophisticated design, and quality products are important. A stable long term project, growing customer base, small team fun to work with.","–£–∫—Ä–∞—ó–Ω–∞,–ü–æ–ª—å—â–∞,–ù—ñ–º–µ—á—á–∏–Ω–∞,–°–ø–æ–ª—É—á–µ–Ω—ñ,–®—Ç–∞—Ç–∏","SQL,PYTHON",9 —Å—ñ—á–Ω—è 2024,5,1,Beginner/Elementary,5
Senior Python Developer_Competency Lead,Not specified,–£–∫—Ä–∞—ó–Ω–∞,"PYTHON,AWS,REST,FAST,DJANGO",9 —Å—ñ—á–Ω—è 2024,13,0,Upper-Intermediate,5
Middle Python Software Engineer (Prom.ua),Not specified,–£–∫—Ä–∞—ó–Ω–∞,"PYTHON,KUBERNETES,CI/CD,CSS,POSTGRESQL,ELASTICSEARCH",8 —Å—ñ—á–Ω—è 2024,154,11,,3
Python/Django developer,Not specified,–£–∫—Ä–∞—ó–Ω–∞,"REST,REACT,JAVASCRIPT,CELERY,VUE.JS,POSTGRESQL,ELASTICSEARCH,DJANGO,OOP,GIT",9 —Å—ñ—á–Ω—è 2024,348,139,Upper-Intermediate,1
Back-End Python (Django) Developer,We are seeking an experienced Python Developer to join our development team and contribute to the enhancement of our backend systems.,–£–∫—Ä–∞—ó–Ω–∞,"DEVELOPER,PYTHON,ANGULAR,CI/CD",8 —Å—ñ—á–Ω—è 2024,108,38,Upper-Intermediate,5
Python Engineer,"Lemberg Solutions is, above all, a group of passionate professionals led by a core team that have been meticulously selected over the last 15 years. We are based in Lviv, Rivne, and Lutsk, and opened GmbH in Hamburg, Germany.","–†–µ–ª–æ–∫–µ–π—Ç,–£–∫—Ä–∞—ó–Ω–∞","PYTHON,AWS,REST,FASTAPI,DJANGO",9 —Å—ñ—á–Ω—è 2024,33,9,Intermediate,3
Middle/ Middle+ Back-end Python Developer,"Gradus ‚Äì —Ü–µ –ø—Ä–æ–¥—É–∫—Ç–æ–≤–∞ –∫–æ–º–ø–∞–Ω—ñ—è, –∞ —Ü–µ –æ–∑–Ω–∞—á–∞—î:",–£–∫—Ä–∞—ó–Ω–∞,REST,9 —Å—ñ—á–Ω—è 2024,56,19,Upper-Intermediate,3
Junior Python Verification Engineer,"We invite a skilled Firmware Python Verification Engineer with up to 2 years of experience in Quality Assurance and Python programming language to join PLVision. In this role, you will ensure the quality and reliability of our customers' products. You will work closely with hardware engineers to ensure seamless integration between firmware and networking equipment.",–£–∫—Ä–∞—ó–Ω–∞,"LINUX,PYTHON",9 —Å—ñ—á–Ω—è 2024,42,5,Intermediate,3
Middle Python Developer,Not specified,–£–∫—Ä–∞—ó–Ω–∞,"SQL,ANGULAR,PYTHON,DJANGO",9 —Å—ñ—á–Ω—è 2024,87,18,Upper-Intermediate,2
Automation QA Middle (Python) Engineer,"Perimeter 81 is expanding team for development cybersecurity and SaaS platform. All solutions allows companies manage networks and security from single cloud. You will be part of multi-national distributed team responsible for developing next-generation full stack projects integrated with AWS, Google Cloud, Microsoft Azure, Heroku, SalesForce and Splunk.",–£–∫—Ä–∞—ó–Ω–∞,"PYTHON,KUBERNETES,AWS,AIRFLOW,MONGODB,GATLING",9 —Å—ñ—á–Ω—è 2024,28,7,Upper-Intermediate,3
Senior Django Developer,Not specified,–£–∫—Ä–∞—ó–Ω–∞,"DEVELOPER,DJANGO,REST",9 —Å—ñ—á–Ω—è 2024,57,22,,3
Performance engineer (Singapore),Not specified,–°—ñ–Ω–≥–∞–ø—É—Ä,"FAST,AWS",9 —Å—ñ—á–Ω—è 2024,5,1,Upper-Intermediate,5
QA Automation Engineer,"We invite a Quality Assurance (QA) Automation Engineer with 2+ years of commercial experience in embedded software validation and test automation to join new PLVision‚Äôs project for one of the leaders in the networking industry. In this role, you will validate new DASH functionality for modern Data Processing Unit (DPU)/ Intelligence Processing Unit (IPU) systems and collaborate in open-source communities.",–£–∫—Ä–∞—ó–Ω–∞,"LINUX,PYTHON,JENKINS",9 —Å—ñ—á–Ω—è 2024,33,4,Intermediate,3
Full-Stack Developer (Python (Django) + React.js),"Our project helps non-profits fundraise more effectively by building software to deliver actionable insights and tailored recommendations for donor engagement by integrating data from multiple CRMs, and leveraging GPT4 and Vertex AI and using insights from behavioral science. Join us and help non-profits do more good.",–£–∫—Ä–∞—ó–Ω–∞,FAST,9 —Å—ñ—á–Ω—è 2024,3,0,Advanced/Fluent,5
Junior Python Developer,"Cosmonova Broadcast - —Ü–µ IT —ñ High Tech –¥–ª—è –º–µ–¥—ñ–∞ –±—ñ–∑–Ω–µ—Å—É. –ö–æ–º–ø–∞–Ω—ñ—è –º–∞—î –¥–æ—Å—Ç—É–ø –¥–æ –Ω–∞–π—Å–∏–ª—å–Ω—ñ—à–æ—ó –µ–∫—Å–ø–µ—Ä—Ç–∏–∑—ñ –∑–∞–≤–¥—è–∫–∏ —Å–≤–æ—ó–π –∫–æ–º–∞–Ω–¥—ñ R & D —ñ IT –ø—Ä–æ—Ñ–µ—Å—ñ–æ–Ω–∞–ª—ñ–≤ –∑ –±—ñ–ª—å—à –Ω—ñ–∂ 16-—Ç–∏ —Ä—ñ—á–Ω–∏–º –¥–æ—Å–≤—ñ–¥–æ–º. –£ —Ü–µ–Ω—Ç—Ä—ñ –µ–∫—Å–ø–µ—Ä—Ç–∏–∑–∏ —Ç–∞ R & D –≤–∏–∫–æ—Ä–∏—Å—Ç–æ–≤—É—é—Ç—å—Å—è –Ω–∞–π—Å—É—á–∞—Å–Ω—ñ—à—ñ —Ç–µ—Ö–Ω–æ–ª–æ–≥—ñ—ó —Ç–∞ –æ–±–ª–∞–¥–Ω–∞–Ω–Ω—è, –ø–æ—Å—Ç—ñ–π–Ω–æ –≤–∏–≤—á–∞—é—Ç—å—Å—è —ñ –≤–ø—Ä–æ–≤–∞–¥–∂—É—é—Ç—å—Å—è –Ω–æ–≤—ñ —Ä—ñ—à–µ–Ω–Ω—è, –ø—Ä–æ–≤–æ–¥—è—Ç—å—Å—è —Ç–µ—Å—Ç–∏ –Ω–æ–≤–∏—Ö –ø—Ä–æ—Ç–æ–∫–æ–ª—ñ–≤ —ñ —Å—Ç–∞–Ω–¥–∞—Ä—Ç—ñ–≤, –∞–ø–∞—Ä–∞—Ç–Ω–∏—Ö, –ø—Ä–æ–≥—Ä–∞–º–Ω–æ-–∞–ø–∞—Ä–∞—Ç–Ω–∏—Ö —Ç–∞ —ñ–Ω—Ñ—Ä–∞—Å—Ç—Ä—É–∫—Ç—É—Ä–Ω–∏—Ö —Å–µ—Ä–≤—ñ—Å—ñ–≤ –¥–ª—è —Ä—ñ–∑–Ω–∏—Ö –∑–∞–≤–¥–∞–Ω—å, –≤ —Ç–æ–º—É —á–∏—Å–ª—ñ –ø—ñ–¥ –≤–µ–ª–∏–∫–∏–º –Ω–∞–≤–∞–Ω—Ç–∞–∂–µ–Ω–Ω—è–º.",–£–∫—Ä–∞—ó–Ω–∞,"PYTHON,POSTGRESQL",9 —Å—ñ—á–Ω—è 2024,239,52,Pre-Intermediate,1
Senior Python Developer for algorithm development Navigation App,"Working Hours: Part-Time (4 hours per day), possibility for full-time",–ù—ñ–º–µ—á—á–∏–Ω–∞,"RUST,PYTHON,MICROSERVICES,DEVELOPER,AGILE,GIT",7 —Å—ñ—á–Ω—è 2024,99,20,Intermediate,5
Python Developer,The Cloud Infrastructure team is looking for a Python Developer to work on our Cloud Infrastructure products.,–£–∫—Ä–∞—ó–Ω–∞,"LINUX,DEVELOPER,PYTHON",7 —Å—ñ—á–Ω—è 2024,60,3,Upper-Intermediate,3
Senior Python (Computer Vision) Engineer/Poland or Romania,"We are a pioneer in the field of Enhanced Sensory AI, and proud to say that we transformed customer and field service sectors. With an impressive portfolio of patents in AI and augmented reality, we introduced the concept of remote visual support to the broader audience.","–ü–æ–ª—å—â–∞,–†—É–º—É–Ω—ñ—è","SQL,DJANGO,CI/CD,AWS",8 —Å—ñ—á–Ω—è 2024,29,3,Upper-Intermediate,5
Senior Python Backend Engineer,Not specified,–£–∫—Ä–∞—ó–Ω–∞,"PYTHON,AWS,REST,FAST,DJANGO",8 —Å—ñ—á–Ω—è 2024,33,5,Intermediate,5
Django Developer,"Looking for a Django Developer to join the Dataforest team. If you are looking for a friendly team, a healthy working environment, and a flexible schedule ‚Äí you have found the right place to send your CV.","–ü–æ–ª—å—â–∞,–°–ª–æ–≤–∞—á—á–∏–Ω–∞,–°–ª–æ–≤–µ–Ω—ñ—è,–£–∫—Ä–∞—ó–Ω–∞","PYTHON,AWS,DEVELOPER,SQL,DJANGO",8 —Å—ñ—á–Ω—è 2024,110,23,Upper-Intermediate,2
Python/Django Developer,"If you want to join a profitable, high-growth Dataforest, where you will be working on a large, complex project with an ongoing, full-time position, then this is THE job for you.",–£–∫—Ä–∞—ó–Ω–∞,"SQL,PYTHON,DJANGO,AWS",8 —Å—ñ—á–Ω—è 2024,174,33,Upper-Intermediate,2
Bot Developer in the Crypto Sector (Python / Zennoposter),"–®—É–∫–∞—é Python/Zennoposter –†–æ–∑—Ä–æ–±–Ω–∏–∫–∞, —è–∫–∏–π –º–æ–∂–µ –Ω–∞–ø–∏—Å–∞—Ç–∏ –±–æ—Ç–∞ –¥–ª—è —Å—Ç–≤–æ—Ä–µ–Ω–Ω—è –≥–∞–º–∞–Ω—Ü—ñ–≤ —É –±–ª–æ–∫—á–µ–π–Ω—ñ EVMOS (EVM –±–ª–æ–∫—á–µ–π–Ω –Ω–∞ Cosmos), –¥–ª—è –∞–≤—Ç–æ–º–∞—Ç–∏–∑–∞—Ü—ñ—ó —Ç–∞ –≤–∏–∫–æ–Ω–∞–Ω–Ω—è —Ä—ñ–∑–Ω–æ–º–∞–Ω—ñ—Ç–Ω–∏—Ö –¥—ñ–π —Å–∫—Ä–∏–ø—Ç–æ–º.",–£–∫—Ä–∞—ó–Ω–∞,PYTHON,8 —Å—ñ—á–Ω—è 2024,87,13,Pre-Intermediate,2
Python Developer (–†–∞–∑—Ä–∞–±–æ—Ç—á–∏–∫ –±–æ—Ç–∞ —É –∫—Ä–∏–ø—Ç–æ—Å–µ—Ä–µ–¥–æ–≤–∏—â—ñ),"–®—É–∫–∞—é Python/Zennoposter –†–æ–∑—Ä–æ–±–Ω–∏–∫–∞, —è–∫–∏–π –º–æ–∂–µ –Ω–∞–ø–∏—Å–∞—Ç–∏ –±–æ—Ç–∞ –¥–ª—è —Å—Ç–≤–æ—Ä–µ–Ω–Ω—è –≥–∞–º–∞–Ω—Ü—ñ–≤ —É –±–ª–æ–∫—á–µ–π–Ω—ñ EVMOS (EVM –±–ª–æ–∫—á–µ–π–Ω –Ω–∞ Cosmos), –¥–ª—è –∞–≤—Ç–æ–º–∞—Ç–∏–∑–∞—Ü—ñ—ó —Ç–∞ –≤–∏–∫–æ–Ω–∞–Ω–Ω—è —Ä—ñ–∑–Ω–æ–º–∞–Ω—ñ—Ç–Ω–∏—Ö –¥—ñ–π —Å–∫—Ä–∏–ø—Ç–æ–º.",–£–∫—Ä–∞—ó–Ω–∞,PYTHON,8 —Å—ñ—á–Ω—è 2024,121,15,Intermediate,2
Senior Python Developer,Project Description:,–£–∫—Ä–∞—ó–Ω–∞,"PYTHON,MICROSERVICES,AWS,CI/CD,GRAPHQL,AGILE",8 —Å—ñ—á–Ω—è 2024,38,10,Upper-Intermediate,3
Python Developer,"Join our team as an experienced Python Developer, where you will take a role in building and optimizing our AWS cloud infrastructure. This position requires hands-on experience with AWS services, proficiency in Python, and a strong background in deploying and managing infrastructure using Terraform.",–£–∫—Ä–∞—ó–Ω–∞,"FASTAPI,PYTHON,CI/CD,AWS",8 —Å—ñ—á–Ω—è 2024,82,22,Upper-Intermediate,3
Python Engineer with AI (Computer Vision),"We are a pioneer in the field of Enhanced Sensory AI, and we are proud to say that we have transformed customer and field service sectors. With an impressive portfolio of patents in AI and augmented reality, we introduced the concept of remote visual support to the broader audience.","–ü–æ–ª—å—â–∞,–†—É–º—É–Ω—ñ—è","PYTHON,AWS,CELERY,SQL,DJANGO",8 —Å—ñ—á–Ω—è 2024,6,2,Upper-Intermediate,5
Data and¬†Machine Learning Engineer (Python),"We are, Softwarium ‚Äî Ukrainian outsourcing IT-company. We have been developing software for American, Canadian, and Norwegian clients in the education, healthcare, energy, and security industries for over 20 years.",–£–∫—Ä–∞—ó–Ω–∞,"GITHUB,PYTHON,AWS,REST",8 —Å—ñ—á–Ω—è 2024,33,7,Intermediate,5
AI Developer,"Devico is a hard-working and tight-knit team with first-rate experience in full-cycle Web and Mobile development. We help our global customers by providing hard-to-find technology resources for software development, QA, UI/UX, and product. By building our experience over the past 13 years, we have particular strengths in mobile app development, bespoke software platforms and test automation, and technologies including JavaScript and its multitude of frameworks, Java, Python, .Net, etc.",–£–∫—Ä–∞—ó–Ω–∞,"PYTHON,DEVELOPER,FAST,JAVASCRIPT,AGILE",8 —Å—ñ—á–Ω—è 2024,42,5,Upper-Intermediate,5
Senior Python Engineer,Not specified,–£–∫—Ä–∞—ó–Ω–∞,"GITHUB,FASTAPI,DJANGO",8 —Å—ñ—á–Ω—è 2024,38,3,Upper-Intermediate,5
Senior/Lead Python Software Engineer,We are inviting a Senior/Lead Python Software Engineer to join our team.,–£–∫—Ä–∞—ó–Ω–∞,"POSTGRESQL,PYTHON,CI/CD,KUBERNETES",4 —Å—ñ—á–Ω—è 2024,16,1,Upper-Intermediate,5
Python Backend Engineer (Outstaff project),"As a backend engineer of our client‚Äôs team, you will build the foundation for a seamless and stable TV experience for millions of TV lovers, which involves quite sophisticated engineering and architecting to bring what used to be broadcast into the personalized world of the internet. The backend engineers team tackle this challenge every day by using the latest standards in software design and development and by constantly improving processes and tools. They do all that with a strong focus on scalability, distribution, efficiency and maintainability.",–£–∫—Ä–∞—ó–Ω–∞,"FASTAPI,ANDROID,GOLANG,GRAPHQL",4 —Å—ñ—á–Ω—è 2024,56,5,Upper-Intermediate,5
Senior MLOps Engineer,Required skills,–£–∫—Ä–∞—ó–Ω–∞,"RUBY,PYTHON,AWS,SCALA,JAVA,JENKINS",4 —Å—ñ—á–Ω—è 2024,41,2,Upper-Intermediate,5
Senior Back-End Engineer (Experimentation),"At Preply, we are unlocking human potential through learning.","–†–µ–ª–æ–∫–µ–π—Ç,–Ü—Å–ø–∞–Ω—ñ—è,–£–∫—Ä–∞—ó–Ω–∞","DJANGO,CI/CD",4 —Å—ñ—á–Ω—è 2024,43,3,Upper-Intermediate,5
Reef Technologies Senior Python Backend Engineer,"We‚Äôre about to convince you that you need a new job‚Ä¶ and that you‚Äôve just found the perfect opportunity. We‚Äôre steadily growing, and we‚Äôre continuously looking to expand our team with experienced Python engineers.",–ü–æ–ª—å—â–∞,"PYTHON,EXPRESS",4 —Å—ñ—á–Ω—è 2024,137,10,Upper-Intermediate,5
Integration Developer  (Poland),Not specified,–ü–æ–ª—å—â–∞,"PYTHON,MICROSERVICES,DEVELOPER,FAST,SQL",4 —Å—ñ—á–Ω—è 2024,44,3,Upper-Intermediate,5
Junior Python Developer,Are you a skilled Junior Python Developer eager to contribute to the development of an AI-powered automated trading platform? We're waiting for you to join our Development Team!,–£–∫—Ä–∞—ó–Ω–∞,"SQL,DEVELOPER,PYTHON,PYTEST",4 —Å—ñ—á–Ω—è 2024,715,221,Upper-Intermediate,1
Senior Python(Django) Developer,"Quintagroup is looking for Senior Python developer to join the development team of IoT solutions. Technology stack: Python, Django, AWS. You will work in the leading European company specializing in the production of cutting-edge solar panels and IoT solutions. They are dedicated to creating innovative projects that harness the power of data to drive sustainable energy solutions.",–£–∫—Ä–∞—ó–Ω–∞,"DEVELOPER,PYTHON,DJANGO,AWS",5 —Å—ñ—á–Ω—è 2024,62,15,Upper-Intermediate,3
Back-End Engineer (Python),"At Preply, we are unlocking human potential through learning.","–†–µ–ª–æ–∫–µ–π—Ç,–Ü—Å–ø–∞–Ω—ñ—è,–£–∫—Ä–∞—ó–Ω–∞",CI/CD,4 —Å—ñ—á–Ω—è 2024,96,4,Upper-Intermediate,5
Python Engineer,About our client,–£–∫—Ä–∞—ó–Ω–∞,"PYTHON,AWS,REST,CELERY,AGILE",5 —Å—ñ—á–Ω—è 2024,112,30,Upper-Intermediate,3
Fullstack Engineer,Our ideal candidate has‚Ä¶,–§—ñ–ª—ñ–ø–ø—ñ–Ω–∏,"PYTHON,ANGULAR,DEVELOPER,SQL,DJANGO",6 —Å—ñ—á–Ω—è 2024,101,5,,5
Python developer,"Our customer is a cutting-edge technology company focused on leveraging AI technology to automatically identify 3D objects from aerial imagery and create worldwide property databases. As we continue to grow, we are seeking a talented and experienced",–£–∫—Ä–∞—ó–Ω–∞,"PYTHON,REST,FASTAPI,CI/CD,POSTGRESQL",5 —Å—ñ—á–Ω—è 2024,53,2,Upper-Intermediate,5
Middle Python Developer,"MB Digital is an innovative software development firm with a sharp focus on crafting sophisticated Web and App solutions, alongside providing comprehensive staff augmentation services.",–£–∫—Ä–∞—ó–Ω–∞,"DEVELOPER,PYTHON,GIT,REST",5 —Å—ñ—á–Ω—è 2024,95,37,Intermediate,2
LLM Specialist with Python Knowledge,Not specified,–£–∫—Ä–∞—ó–Ω–∞,"DEVELOPER,PYTHON",5 —Å—ñ—á–Ω—è 2024,141,21,,1
python developer for algorithmic trading project,"–ú–∏ —É–∫—Ä–∞—ó–Ω—Å—å–∫–∞ –ø—Ä–æ–¥—É–∫—Ç–æ–≤–∞ –∫–æ–º–ø–∞–Ω—ñ—è NATS, –∑–∞—Å–Ω–æ–≤–∞–Ω–∞ —É 2021 —Ä–æ—Ü—ñ. –ó–∞–π–º–∞—î–º–æ—Å—å –∞–ª–≥–æ—Ä–∏—Ç–º—ñ—á–Ω–∏–º —Ö–µ–¥–∂-—Ñ–æ–Ω–¥–æ–º, –∞–ª–≥–æ—Ç—Ä–µ–π–¥–∏–Ω–≥–æ–º. –ê–ª–≥–æ—Ä–∏—Ç–º—ñ—á–Ω–∏–π —Ö–µ–¥–∂-—Ñ–æ–Ω–¥ - —Ü–µ —ñ–Ω–≤–µ—Å—Ç–∏—Ü—ñ–π–Ω–∏–π —Ñ–æ–Ω–¥, —è–∫–∏–π –≤–∏–∫–æ—Ä–∏—Å—Ç–æ–≤—É—î —Å–∫–ª–∞–¥–Ω—ñ –º–∞—Ç–µ–º–∞—Ç–∏—á–Ω—ñ –º–æ–¥–µ–ª—ñ —Ç–∞ –∞–ª–≥–æ—Ä–∏—Ç–º–∏, —â–æ–± –ø—Ä–∏–π–º–∞—Ç–∏ —Ä—ñ—à–µ–Ω–Ω—è –ø—Ä–æ –∫—É–ø—ñ–≤–ª—é —Ç–∞ –ø—Ä–æ–¥–∞–∂ –∞–∫—Ç–∏–≤—ñ–≤. –ú–∏ –≤–∏–∫–æ—Ä–∏—Å—Ç–æ–≤—É—î–º–æ  –≤–µ–ª–∏–∫—É –∫—ñ–ª—å–∫—ñ—Å—Ç—å –¥–∞–Ω–∏—Ö, —â–æ–± –≤—ñ–¥—Å–ª—ñ–¥–∫–æ–≤—É–≤–∞—Ç–∏ —Ç–µ–Ω–¥–µ–Ω—Ü—ñ—ó –Ω–∞ —Ä–∏–Ω–∫—É —Ç–∞ –≤–∏–∫–æ—Ä–∏—Å—Ç–æ–≤—É–≤–∞—Ç–∏ —ó—Ö –¥–ª—è –ø—Ä–∏–π–Ω—è—Ç—Ç—è —Ä—ñ—à–µ–Ω—å. –¢–∞–∫, –∑ –Ω–∞–º–∏ –±—É–¥–µ —Ü—ñ–∫–∞–≤–æ :)",–£–∫—Ä–∞—ó–Ω–∞,,3 —Å—ñ—á–Ω—è 2024,131,40,Intermediate,3
Backend Developer (Python),"On behalf of Atlas Invest, SD Solutions is looking for a talented Back-End Developer to join our fast-paced team and contribute to the development of the future of real estate backed loans.",–£–∫—Ä–∞—ó–Ω–∞,"DEVELOPER,PYTHON",3 —Å—ñ—á–Ω—è 2024,88,16,Upper-Intermediate,3
AI Python Developer,"–ú–∏ —É–∫—Ä–∞—ó–Ω—Å—å–∫–∞ –∞—É—Ç—Å–æ—Ä—Å –∫–æ–º–ø–∞–Ω—ñ—è Join.To.IT, —Å—Ç–≤–æ—Ä—é—î–º–æ –ø—Ä–æ–≥—Ä–∞–º–Ω—ñ —Ä—ñ—à–µ–Ω–Ω—è —É —Ä—ñ–∑–Ω–∏—Ö —Å—Ñ–µ—Ä–∞—Ö –±—ñ–∑–Ω–µ—Å—É –ø–æ–Ω–∞–¥ 10 —Ä–æ–∫—ñ–≤.",–£–∫—Ä–∞—ó–Ω–∞,PYTHON,3 —Å—ñ—á–Ω—è 2024,72,8,Upper-Intermediate,2
Tech/Team Lead (Python),Quantum is a global technology partner delivering high-end software products that address real-world problems.,"–†–µ–ª–æ–∫–µ–π—Ç,–£–∫—Ä–∞—ó–Ω–∞","SQL,PYTHON,MICROSERVICES",3 —Å—ñ—á–Ω—è 2024,37,6,Upper-Intermediate,5
Backend (Python) Software Engineer,Not specified,"–ü–æ–ª—å—â–∞,–£–∫—Ä–∞—ó–Ω–∞","SQL,JAVA,JAVASCRIPT",3 —Å—ñ—á–Ω—è 2024,192,16,,3
Strong Junior Python Developer (scraping),Not specified,–£–∫—Ä–∞—ó–Ω–∞,"LINUX,REDIS,PYTHON",3 —Å—ñ—á–Ω—è 2024,321,113,Intermediate,1
Python (Django) Developer,"We seek a highly motivated and experienced Python Developer to join our growing team. You will be responsible for designing, developing, and maintaining complex software solutions in Python. You will work closely with the development team to ensure timely delivery of high-quality software products.",–£–∫—Ä–∞—ó–Ω–∞,"PYTHON,REST,DEVELOPER,GRAPHQL,AGILE,DJANGO",3 —Å—ñ—á–Ω—è 2024,170,31,Upper-Intermediate,3
Middle Java Developer –Ω–∞ long-term –ø—Ä–æ–µ–∫—Ç —Ä–æ–∑—Ä–æ–±–∫–∏ —ñ–Ω–Ω–æ–≤–∞—Ü—ñ–π–Ω–æ–≥–æ –ø—Ä–æ–¥—É–∫—Ç—É,–ú–∏ —Ä–æ–∑—Ä–æ–±–ª—è—î–º–æ —ñ –ø—ñ–¥—Ç—Ä–∏–º—É—î–º–æ —ñ–Ω–Ω–æ–≤–∞—Ü—ñ–π–Ω–∏–º –ø—Ä–æ–¥—É–∫—Ç –¥–ª—è –∫–ª—ñ—î–Ω—Ç–∞ –∑ –®–≤–µ–π—Ü–∞—Ä—ñ—ó. –•–æ—á–µ–º–æ –∑–∞–ª—É—á–∏—Ç–∏ –¥–æ —É—á–∞—Å—Ç—ñ —É –ø—Ä–æ–µ–∫—Ç—ñ remote full-time Java —Ä–æ–∑—Ä–æ–±–Ω–∏–∫–∞ —ñ–∑ –¥–æ—Å–≤—ñ–¥–æ–º —Ä–æ–±–æ—Ç–∏ –≤—ñ–¥ 3-—Ö —Ä–æ–∫—ñ–≤.,–£–∫—Ä–∞—ó–Ω–∞,JAVA,3 —Å—ñ—á–Ω—è 2024,375,139,Upper-Intermediate,3
Senior Backend Engineer (Python),Not specified,–£–∫—Ä–∞—ó–Ω–∞,"K8S,PYTHON,DJANGO,SELENIUM",4 —Å—ñ—á–Ω—è 2024,47,12,Upper-Intermediate,5
Python Engineer,Hey guys üëã,–£–∫—Ä–∞—ó–Ω–∞,PYTHON,3 —Å—ñ—á–Ω—è 2024,28,3,Upper-Intermediate,5
Senior Python BackEnd Engineer,–ù–∞—à –∫–ª—ñ—î–Ω—Ç ‚Äì,–£–∫—Ä–∞—ó–Ω–∞,"LINUX,PYTHON",4 —Å—ñ—á–Ω—è 2024,31,4,Intermediate,5
Middle Python Engineer (BI),Descriptio,"–ê–ª–±–∞–Ω—ñ—è,–í—ñ—Ä–º–µ–Ω—ñ—è,–ë–æ–ª–≥–∞—Ä—ñ—è,–ì—Ä—É–∑—ñ—è,–£–∫—Ä–∞—ó–Ω–∞","PYTHON,FASTAPI,SQL,POSTGRESQL,GIT",4 —Å—ñ—á–Ω—è 2024,164,41,Upper-Intermediate,3
Senior Python Engineer (Integrations),"Teramind is a hybrid, global workforce building the next-generation Insider Risk Management and User Behavior Analytics platform.","–í—ñ—Ä–º–µ–Ω—ñ—è,–ì—Ä—É–∑—ñ—è,–ü–æ–ª—å—â–∞,–£–∫—Ä–∞—ó–Ω–∞","PYTHON,FASTAPI,DEVELOPER,SQL,DJANGO",4 —Å—ñ—á–Ω—è 2024,60,13,Upper-Intermediate,5
ML/CV Engineer,Samsung R&D Institute Ukraine is looking for a passionate and collaborative ML/CV Engineer to join our team in Kyiv.,"–†–µ–ª–æ–∫–µ–π—Ç,–£–∫—Ä–∞—ó–Ω–∞",,2 —Å—ñ—á–Ω—è 2024,26,2,Intermediate,3
Senior Python Developer,"Numerical Technologies is a leading provider of custom software solutions and services specializing in risk, limits, and regulatory capital.","–ü–æ–ª—å—â–∞,–ü–æ—Ä—Ç—É–≥–∞–ª—ñ—è,–£–∫—Ä–∞—ó–Ω–∞","FASTAPI,DEVELOPER,AGILE,PYTHON",2 —Å—ñ—á–Ω—è 2024,26,9,Upper-Intermediate,5
Backend Python Engineer,"We are a pioneer in the field of Enhanced Sensory AI, and proud to say that we transformed customer and field service sectors. With an impressive portfolio of patents in AI and augmented reality, we introduced the concept of remote visual support to the broader audience.",–ü–æ–ª—å—â–∞,"SQL,DJANGO,CI/CD,AWS",2 —Å—ñ—á–Ω—è 2024,32,2,Upper-Intermediate,5
Open Omniverse UI / Extension developer,Not specified,–£–∫—Ä–∞—ó–Ω–∞,,29 –≥—Ä—É–¥–Ω—è 2023,58,3,Upper-Intermediate,5
Fullstack Python/React Developer,Build the most meaningful apps on the latest web technologies!,"–†–µ–ª–æ–∫–µ–π—Ç,–ü–æ–ª—å—â–∞,–£–∫—Ä–∞—ó–Ω–∞","PYTHON,AWS,LINUX,DEVELOPER,REACT,CI/CD,JEST,AGILE",29 –≥—Ä—É–¥–Ω—è 2023,83,4,Intermediate,3
Software Engineer (Python/Golang),"QIT Software is looking for a Software Engineer to the product from the US. We are building a no / low code SaaS platform to create AI apps and bots that are easy to create, manage and share from with in the UI. The platform will make recommendations on cost optimizations, help audit and trace the AI bots/app‚Äôs interaction with its users.",–£–∫—Ä–∞—ó–Ω–∞,"RUST,PYTHON,KUBERNETES,DEVELOPER,GOLANG,POSTGRESQL,AGILE,FLASK",29 –≥—Ä—É–¥–Ω—è 2023,275,51,Upper-Intermediate,3
"Python Developers (Permanent/ requires relocation to Dubai, UAE)","Looking for an experienced Python developer who will be focused on the development of the server-side logic of a web application, ensuring its high performance, maintainability and quality.","–†–µ–ª–æ–∫–µ–π—Ç,–û–± º—î–¥–Ω–∞–Ω—ñ,–ê—Ä–∞–±—Å—å–∫—ñ,–ï–º—ñ—Ä–∞—Ç–∏","DEVELOPER,PYTHON",2 —Å—ñ—á–Ω—è 2024,114,18,,5
"Python Engineer (Poland, Romania)","We are a pioneer in the field of Enhanced Sensory AI, and are proud to say that we have transformed customer and field service sectors. With an impressive portfolio of patents in AI and augmented reality, we introduced the concept of remote visual support to the broader audience.","–ü–æ–ª—å—â–∞,–†—É–º—É–Ω—ñ—è","AWS,CELERY,CI/CD,SQL,DJANGO",2 —Å—ñ—á–Ω—è 2024,13,3,Upper-Intermediate,5
Senior BE Python Developer,We are looking for a Senior BE Python Developer.,–£–∫—Ä–∞—ó–Ω–∞,"FAST,PYTHON",2 —Å—ñ—á–Ω—è 2024,48,9,Upper-Intermediate,5
Python Developer (Senior),Not specified,–£–∫—Ä–∞—ó–Ω–∞,"DEVELOPER,PYTHON,CI/CD",2 —Å—ñ—á–Ω—è 2024,91,17,Intermediate,3
Middle Python Developer,Middle Python Developer for Night Support (Long-term),–£–∫—Ä–∞—ó–Ω–∞,"DEVELOPER,PYTHON",2 —Å—ñ—á–Ω—è 2024,137,31,Upper-Intermediate,3
Senior Python Developer,We are looking for a Senior Python developer for remote work in our worldwide team. We need someone who wants to take part in something big and assume responsibility for the success of a new and innovative e-commerce project.,–£–∫—Ä–∞—ó–Ω–∞,"PYTHON,KUBERNETES,MYSQL,DEVELOPER,FASTAPI,MONGODB,FLASK",2 —Å—ñ—á–Ω—è 2024,68,17,Intermediate,3
Python Developer,We are seeking an experienced Backend Developer with a strong focus on Python and DevOps skills: Kubernetes and Docker.,–£–∫—Ä–∞—ó–Ω–∞,"DEVELOPER,PYTHON,CI/CD,KUBERNETES",2 —Å—ñ—á–Ω—è 2024,74,10,Upper-Intermediate,3
Python developer / middle,Not specified,–£–∫—Ä–∞—ó–Ω–∞,PYTHON,2 —Å—ñ—á–Ω—è 2024,82,8,Pre-Intermediate,3
Middle Python developer,Not specified,–£–∫—Ä–∞—ó–Ω–∞,"LINUX,PYTHON",27 –≥—Ä—É–¥–Ω—è 2023,237,45,Upper-Intermediate,2
Full-stack Developer (Python + Vue),Not specified,–£–∫—Ä–∞—ó–Ω–∞,"SQL,AWS,REST",28 –≥—Ä—É–¥–Ω—è 2023,39,2,Upper-Intermediate,3
Python developer for global product (audit and assurance company BIG FOUR),"Deloitte is looking for professional engineers to join our new automotive project: optimization of the clients‚Äô orders based on business rules and previous orders‚Äô history, including data analysis and machine learning.",–£–∫—Ä–∞—ó–Ω–∞,"PYTHON,KUBERNETES,REST,LINUX,MYSQL,CI/CD,MONGODB,POSTGRESQL,GIT",28 –≥—Ä—É–¥–Ω—è 2023,45,2,Advanced/Fluent,3
Full-stack Developer (Python + Vue),Not specified,–£–∫—Ä–∞—ó–Ω–∞,"SQL,AWS,REST",27 –≥—Ä—É–¥–Ω—è 2023,14,3,Upper-Intermediate,5
Middle/Senior Python+JS developer,We are currently seeking a developer for a long-term collaboration from Ukraine and Europe. Our company is engaged in various projects that require skilled and dedicated individuals to contribute their expertise.,–£–∫—Ä–∞—ó–Ω–∞,"DEVELOPER,FAST,JAVASCRIPT",28 –≥—Ä—É–¥–Ω—è 2023,98,26,Upper-Intermediate,3
Senior Python Developer,–í –ø—Ä–æ–¥—É–∫—Ç–æ–≤—É –∫–æ–º–∞–Ω–¥—É (blockchain —Ä–æ–∑—Ä–æ–±–∫–∞) –∑–∞–ø—Ä–æ—à—É—î–º–æ Python Developer –∑ –¥–æ—Å–≤—ñ–¥–æ–º —Ä–æ–±–æ—Ç–∏ 2+ —Ä–æ–∫–∏.,–£–∫—Ä–∞—ó–Ω–∞,"PYTHON,REST,DEVELOPER,MONGODB,DJANGO",28 –≥—Ä—É–¥–Ω—è 2023,125,25,Pre-Intermediate,2
Python Developer,Python Developer (Remote),"–°–ø–æ–ª—É—á–µ–Ω—ñ,–®—Ç–∞—Ç–∏","PYTHON,DEVELOPER,JAVASCRIPT,GITHUB,DJANGO",27 –≥—Ä—É–¥–Ω—è 2023,329,104,Intermediate,3
Python Developer,"Infingame is extending an invitation to accomplished professionals to become an integral part of our dynamic company as a Python Developer. We are on the lookout for motivated individuals ready to join our team. Your contribution will be instrumental in delivering our top-notch products and services, collaborating with some of the most professional minds in the industry, driving your continued growth and development.",–°–ª–æ–≤–∞—á—á–∏–Ω–∞,"PYTHON,KUBERNETES",28 –≥—Ä—É–¥–Ω—è 2023,40,8,Intermediate,3
Senior/Principal Python Developer,"We are looking for a Senior Python Developer to join the AdTech project that helps publishers control Ad traffic revenue. Together, we will use a unique approach to identify winning strategies quickly and scale them efficiently.","–ë–æ–ª–≥–∞—Ä—ñ—è,–ß–µ—Ö—ñ—è,–£–≥–æ—Ä—â–∏–Ω–∞,–ü–æ–ª—å—â–∞,–°–ª–æ–≤–∞—á—á–∏–Ω–∞","PYTHON,AWS,DEVELOPER,JAVASCRIPT,SQL",29 –≥—Ä—É–¥–Ω—è 2023,17,3,Upper-Intermediate,5
Python developer,"Education Studios - –ø—Ä–æ–µ–∫—Ç, —â–æ –ø–æ—î–¥–Ω—É—î –æ—Å–≤—ñ—Ç—É —Ç–∞ –≥–µ–π–º—ñ–Ω–≥.",–£–∫—Ä–∞—ó–Ω–∞,"PYTHON,DJANGO,REST",29 –≥—Ä—É–¥–Ω—è 2023,90,17,,3
Python Developer,"–ú–∏ ‚Äì —É–∫—Ä–∞—ó–Ω—Å—å–∫–∞ –∞—É—Ç—Å–æ—Ä—Å–∏–Ω–≥–æ–≤–∞ –∫–æ–º–ø–∞–Ω—ñ—è Join.To.IT, –±—ñ–ª—å—à–µ 10 —Ä–æ–∫—ñ–≤ —Å—Ç–≤–æ—Ä—é—î–º–æ –ø—Ä–æ–≥—Ä–∞–º–Ω—ñ —Ä—ñ—à–µ–Ω–Ω—è –≤ —Ä—ñ–∑–Ω–∏—Ö —Å—Ñ–µ—Ä–∞—Ö –±—ñ–∑–Ω–µ—Å—É. –ù–∞—à–∞ –∫–æ–º–∞–Ω–¥–∞ —Å–∫–ª–∞–¥–∞—î—Ç—å—Å—è –∑ –¥–æ—Å–≤—ñ–¥—á–µ–Ω–∏—Ö –ø—Ä–æ—Ñ–µ—Å—ñ–æ–Ω–∞–ª—ñ–≤, —è–∫—ñ –∑–∞—Ö–æ–ø–ª–µ–Ω—ñ —Å–≤–æ—î—é —Å–ø—Ä–∞–≤–æ—é, –ø–æ–¥—ñ–ª—è—é—Ç—å —Å–ø—ñ–ª—å–Ω—ñ —Ü—ñ–Ω–Ω–æ—Å—Ç—ñ —Ç–∞ –ø—Ä–∞–≥–Ω—É—Ç—å –¥–æ –∫—Ä–∞—â–æ–≥–æ —Ä–µ–∑—É–ª—å—Ç–∞—Ç—É.",–£–∫—Ä–∞—ó–Ω–∞,PYTHON,28 –≥—Ä—É–¥–Ω—è 2023,83,12,Upper-Intermediate,3
Lead Backend Engineer (Python),–î–æ –∫–æ–º–∞–Ω–¥–∏ MEGOGO —à—É–∫–∞—î–º–æ Tech Lead'a –¥–ª—è —Ä–æ–∑—Ä–æ–±–∫–∏ –Ω–æ–≤–æ–≥–æ –ø—Ä–æ–¥—É–∫—Ç—É.,–£–∫—Ä–∞—ó–Ω–∞,"PYTHON,CI/CD,MONGODB,ANDROID,AGILE",28 –≥—Ä—É–¥–Ω—è 2023,65,2,Intermediate,5
SENIOR or LEAD Python developer,‚Ä¢ Are you an ambitious developer with expertise in,–õ–∞—Ç–≤—ñ—è,"DEVELOPER,CI/CD",29 –≥—Ä—É–¥–Ω—è 2023,19,1,Advanced/Fluent,5
AI DEVELOPER (Construction and Business Operations),Not specified,–õ–∞—Ç–≤—ñ—è,,29 –≥—Ä—É–¥–Ω—è 2023,24,0,Advanced/Fluent,5
Senior Python Engineer,Description:,–£–∫—Ä–∞—ó–Ω–∞,"PYTHON,AGILE",29 –≥—Ä—É–¥–Ω—è 2023,41,3,Upper-Intermediate,5
Data Engineer (Python),Not specified,"–ß–µ—Ö—ñ—è,–£–∫—Ä–∞—ó–Ω–∞","PYTHON,LINUX,JAVASCRIPT,SQL,DJANGO",24 –≥—Ä—É–¥–Ω—è 2023,181,45,Intermediate,3
Python Tech Lead (Automation team),"Ajax Systems ‚Äî —Ä–æ–∑—Ä–æ–±–Ω–∏–∫ —ñ –≤–∏—Ä–æ–±–Ω–∏–∫ —Å–∏—Å—Ç–µ–º –±–µ–∑–ø–µ–∫–∏ Ajax —ñ–∑ –º–æ–∂–ª–∏–≤–æ—Å—Ç—è–º–∏ —Ä–æ–∑—É–º–Ω–æ–≥–æ –¥–æ–º—É. –¶–µ –ø–æ–Ω–∞–¥ 70 –ø—Ä–∏—Å—Ç—Ä–æ—ó–≤, –º–æ–±—ñ–ª—å–Ω—ñ —Ç–∞ –¥–µ—Å–∫—Ç–æ–ø–Ω—ñ –∑–∞—Å—Ç–æ—Å—É–Ω–∫–∏, —Å–µ—Ä–≤–µ—Ä–Ω–∞ —ñ–Ω—Ñ—Ä–∞—Å—Ç—Ä—É–∫—Ç—É—Ä–∞. –£ –ª—ñ–Ω—ñ–π—Ü—ñ Ajax –ø—Ä–µ–¥—Å—Ç–∞–≤–ª–µ–Ω–æ —Ü–µ–Ω—Ç—Ä–∞–ª—ñ –∫–µ—Ä—É–≤–∞–Ω–Ω—è —ñ–∑ –≤–ª–∞—Å–Ω–æ—é RTOS (OS Malevich), –¥–∞—Ç—á–∏–∫–∏ —Ä—É—Ö—É, –≤—ñ–¥—á–∏–Ω–µ–Ω–Ω—è, –∑–∞—Ö–∏—Å—Ç—É –≤—ñ–¥ –∑–∞—Ç–æ–ø–ª–µ–Ω–Ω—è —Ç–∞ –ø–æ–∂–µ–∂–Ω—ñ –¥–∞—Ç—á–∏–∫–∏, –≤—É–ª–∏—á–Ω—ñ –π –¥–æ–º–∞—à–Ω—ñ —Å–∏—Ä–µ–Ω–∏, —Ç—Ä–∏–≤–æ–∂–Ω–∞ –∫–Ω–æ–ø–∫–∞ –∑ —Ñ—É–Ω–∫—Ü—ñ—î—é –∫–µ—Ä—É–≤–∞–Ω–Ω—è –ø—Ä–∏–ª–∞–¥–∞–º–∏, —Ä–æ–∑—É–º–Ω—ñ —Ä–æ–∑–µ—Ç–∫–∏ —Ç–∞ —Ä–µ–ª–µ.",–£–∫—Ä–∞—ó–Ω–∞,"ANDROID,PYTHON,REST",26 –≥—Ä—É–¥–Ω—è 2023,32,3,Pre-Intermediate,5
Full Stack Developer (Python),"We are looking for a skilled Full Stack Developer with a robust background in Python and experience with Django and Zappa for backend development. While proficiency in Flutter for front-end development is a significant advantage, candidates with experience in React TypeScript or Angular TypeScript are also highly encouraged to apply.","–Ü—Å–ø–∞–Ω—ñ—è,–£–∫—Ä–∞—ó–Ω–∞,–£–∑–±–µ–∫–∏—Å—Ç–∞–Ω","PYTHON,ANGULAR,AWS,DEVELOPER,REACT,DJANGO",23 –≥—Ä—É–¥–Ω—è 2023,227,9,Upper-Intermediate,5
Python (Django) Engineer,We are,–£–∫—Ä–∞—ó–Ω–∞,"PYTHON,AWS,REST,GRAPHQL,DJANGO",24 –≥—Ä—É–¥–Ω—è 2023,94,14,Upper-Intermediate,5
FullStack (Python/React.js) Tech Lead,"As a Tech Lead, you will play a pivotal role in guiding our development team to new heights in the field of Learning Management System (LMS) development. If you are enthusiastic about IT education, possess strong leadership skills, and have a proven track record in software development, we invite you to join our collaborative and vibrant team.",–£–∫—Ä–∞—ó–Ω–∞,"PYTEST,PYTHON,GITLAB,REST,REACT,GITHUB,DJANGO,GIT",26 –≥—Ä—É–¥–Ω—è 2023,24,1,Upper-Intermediate,5
Python Developer,Valor Software is a software development and consulting company that specializes in advancing and bringing together open-source technologies to achieve technological and business advancement for their customers,–ß–µ—Ö—ñ—è,"PYTHON,FLASK",26 –≥—Ä—É–¥–Ω—è 2023,134,46,Upper-Intermediate,5
python developer with a focus on WebRTC,Location: Remote,–£–∫—Ä–∞—ó–Ω–∞,"DEVELOPER,PYTHON",26 –≥—Ä—É–¥–Ω—è 2023,129,24,,2
Python Developer with Murex Experience,A renowned international company specializing in innovative financial services is seeking a Python developer with extensive expertise in the MUREX platform.,"–ù—ñ–º–µ—á—á–∏–Ω–∞,–ì—Ä—É–∑—ñ—è,–ö–∞–∑–∞—Ö—Å—Ç–∞–Ω,–ü–æ–ª—å—â–∞,–£–∫—Ä–∞—ó–Ω–∞","DEVELOPER,PYTHON",26 –≥—Ä—É–¥–Ω—è 2023,213,46,Upper-Intermediate,2
Computer Vision Algorithms Developer,"Visual Intelligence, a forward-thinking SaaS company, is in search of a Computer Vision Algorithms Developer to join our A-team.",–£–∫—Ä–∞—ó–Ω–∞,DEVELOPER,26 –≥—Ä—É–¥–Ω—è 2023,33,0,Upper-Intermediate,5
Python (Django) Developer,"–ú–∏ ‚Äì —É–∫—Ä–∞—ó–Ω—Å—å–∫–∞ –∞—É—Ç—Å–æ—Ä—Å–∏–Ω–≥–æ–≤–∞ –∫–æ–º–ø–∞–Ω—ñ—è Join.To.IT, –±—ñ–ª—å—à–µ 10 —Ä–æ–∫—ñ–≤ —Å—Ç–≤–æ—Ä—é—î–º–æ –ø—Ä–æ–≥—Ä–∞–º–Ω—ñ —Ä—ñ—à–µ–Ω–Ω—è –≤ —Ä—ñ–∑–Ω–∏—Ö —Å—Ñ–µ—Ä–∞—Ö –±—ñ–∑–Ω–µ—Å—É. –ù–∞—à–∞ –∫–æ–º–∞–Ω–¥–∞ —Å–∫–ª–∞–¥–∞—î—Ç—å—Å—è –∑ –¥–æ—Å–≤—ñ–¥—á–µ–Ω–∏—Ö –ø—Ä–æ—Ñ–µ—Å—ñ–æ–Ω–∞–ª—ñ–≤, —è–∫—ñ –∑–∞—Ö–æ–ø–ª–µ–Ω—ñ —Å–≤–æ—î—é —Å–ø—Ä–∞–≤–æ—é, –ø–æ–¥—ñ–ª—è—é—Ç—å —Å–ø—ñ–ª—å–Ω—ñ —Ü—ñ–Ω–Ω–æ—Å—Ç—ñ —Ç–∞ –ø—Ä–∞–≥–Ω—É—Ç—å –¥–æ –∫—Ä–∞—â–æ–≥–æ —Ä–µ–∑—É–ª—å—Ç–∞—Ç—É.",–£–∫—Ä–∞—ó–Ω–∞,PYTHON,26 –≥—Ä—É–¥–Ω—è 2023,69,9,Intermediate,3
Computer Vision Algorithms Developer,"The company is an innovative SaaS enterprise, backed by prominent venture capital, specializing in addressing the heightened demand for improved inventory visibility within the supply chain industry through advanced computer vision technology. Our system excels in delivering nearly real-time tracking and analytics, setting a new benchmark in inventory management and minimizing supply chain discrepancies. Our customized SaaS Business Intelligence solution seamlessly integrates with existing camera infrastructure in logistics facilities. By extracting data from diverse sources, our system provides profound insights, positioning itself as the ultimate source of clarity for inventory and supply chain data. We are committed to reshaping the landscape of supply chain management!",–£–∫—Ä–∞—ó–Ω–∞,,26 –≥—Ä—É–¥–Ω—è 2023,103,4,Upper-Intermediate,5
Senior Python Developer,We are looking for a Senior Python Developer for a stable long-term project.,–£–∫—Ä–∞—ó–Ω–∞,"DEVELOPER,PYTHON",27 –≥—Ä—É–¥–Ω—è 2023,82,15,Upper-Intermediate,5
Senior Python Engineer (only in Poland),"We are a pioneer in the field of Enhanced Sensory AI, and proud to say that we transformed customer and field service sectors. With an impressive portfolio of patents in AI and augmented reality, we introduced the concept of remote visual support to the broader audience.",–ü–æ–ª—å—â–∞,"SQL,DJANGO,CI/CD,AWS",27 –≥—Ä—É–¥–Ω—è 2023,10,0,Advanced/Fluent,5
Middle Python Developer,We are looking for a talented Middle Developer with ETL and database skills.,"–í–µ–ª–∏–∫–∞,–ë—Ä–∏—Ç–∞–Ω—ñ—è",DEVELOPER,27 –≥—Ä—É–¥–Ω—è 2023,193,12,Pre-Intermediate,2
Computer Vision Algorithms Developer for Visual Intelligence Company,"Full-time, remote, long-term cooperation.","–£–∫—Ä–∞—ó–Ω–∞,–ü–æ–ª—å—â–∞",,26 –≥—Ä—É–¥–Ω—è 2023,48,2,Upper-Intermediate,5
Senior Python/Django Engineer,Not specified,"–ß–µ—Ö—ñ—è,–ù—ñ–¥–µ—Ä–ª–∞–Ω–¥–∏,–ü–æ–ª—å—â–∞,–£–∫—Ä–∞—ó–Ω–∞","DJANGO,AWS",21 –≥—Ä—É–¥–Ω—è 2023,163,32,Upper-Intermediate,3
Python Developer,Not specified,–£–∫—Ä–∞—ó–Ω–∞,"PYTHON,MICROSERVICES,AWS,CI/CD,GRAPHQL,AGILE",21 –≥—Ä—É–¥–Ω—è 2023,48,5,Upper-Intermediate,3
Senior Python Developer,Project Description:,–£–∫—Ä–∞—ó–Ω–∞,"PYTHON,MICROSERVICES,AWS,CI/CD,GRAPHQL,AGILE",21 –≥—Ä—É–¥–Ω—è 2023,23,1,Upper-Intermediate,3
Senior Python Developer,Project Description:,–£–∫—Ä–∞—ó–Ω–∞,"PYTHON,MICROSERVICES,AWS,CI/CD,GRAPHQL,AGILE",21 –≥—Ä—É–¥–Ω—è 2023,34,2,Upper-Intermediate,3
Senior Python Developer,Project Description:,–£–∫—Ä–∞—ó–Ω–∞,"PYTHON,MICROSERVICES,AWS,CI/CD,GRAPHQL,AGILE",21 –≥—Ä—É–¥–Ω—è 2023,22,2,Upper-Intermediate,5
Python Developer,One of the world's largest providers of products and services to the energy industry has a need to develop and support cloud-based enterprise information system in Oil & Gas domain.,–£–∫—Ä–∞—ó–Ω–∞,"PYTHON,MICROSERVICES,AWS,CI/CD,GRAPHQL,AGILE",21 –≥—Ä—É–¥–Ω—è 2023,96,15,Upper-Intermediate,3
Junior Backend Developer (Python + Django),"We are an innovative and dynamic company leader in its field. We firmly believe that our employees are our greatest asset and invest significant resources in their growth and development. Our unique corporate culture emphasizes creativity, teamwork, and a passion for design. By joining our team, you can contribute to projects that shape the future of our business while developing your professional skills in a supportive and encouraging environment.",–£–∫—Ä–∞—ó–Ω–∞,"DEVELOPER,PYTHON,DJANGO",22 –≥—Ä—É–¥–Ω—è 2023,783,165,,1
Senior Python Developer,Project Description:,–£–∫—Ä–∞—ó–Ω–∞,"PYTHON,MICROSERVICES,AWS,CI/CD,GRAPHQL,AGILE",21 –≥—Ä—É–¥–Ω—è 2023,43,5,Upper-Intermediate,3
Python developer with DevOps experience,We're looking for a motivated,–£–∫—Ä–∞—ó–Ω–∞,"GITHUB,PYTHON,CI/CD",22 –≥—Ä—É–¥–Ω—è 2023,142,26,Upper-Intermediate,2
Python Developer/Data Engineer,"Ajax Systems ‚Äî —Ä–æ–∑—Ä–æ–±–Ω–∏–∫ —ñ –≤–∏—Ä–æ–±–Ω–∏–∫ —Å–∏—Å—Ç–µ–º –±–µ–∑–ø–µ–∫–∏ Ajax —ñ–∑ –º–æ–∂–ª–∏–≤–æ—Å—Ç—è–º–∏ —Ä–æ–∑—É–º–Ω–æ–≥–æ –¥–æ–º—É. –¶–µ –ø–æ–Ω–∞–¥ 70 –ø—Ä–∏—Å—Ç—Ä–æ—ó–≤, –º–æ–±—ñ–ª—å–Ω—ñ —Ç–∞ –¥–µ—Å–∫—Ç–æ–ø–Ω—ñ –∑–∞—Å—Ç–æ—Å—É–Ω–∫–∏, —Å–µ—Ä–≤–µ—Ä–Ω–∞ —ñ–Ω—Ñ—Ä–∞—Å—Ç—Ä—É–∫—Ç—É—Ä–∞. –£ –ª—ñ–Ω—ñ–π—Ü—ñ Ajax –ø—Ä–µ–¥—Å—Ç–∞–≤–ª–µ–Ω–æ —Ü–µ–Ω—Ç—Ä–∞–ª—ñ –∫–µ—Ä—É–≤–∞–Ω–Ω—è —ñ–∑ –≤–ª–∞—Å–Ω–æ—é RTOS (OS Malevich), –¥–∞—Ç—á–∏–∫–∏ —Ä—É—Ö—É, –≤—ñ–¥—á–∏–Ω–µ–Ω–Ω—è, –∑–∞—Ö–∏—Å—Ç—É –≤—ñ–¥ –∑–∞—Ç–æ–ø–ª–µ–Ω–Ω—è —Ç–∞ –ø–æ–∂–µ–∂–Ω—ñ –¥–∞—Ç—á–∏–∫–∏, –≤—É–ª–∏—á–Ω—ñ –π –¥–æ–º–∞—à–Ω—ñ —Å–∏—Ä–µ–Ω–∏, —Ç—Ä–∏–≤–æ–∂–Ω–∞ –∫–Ω–æ–ø–∫–∞ –∑ —Ñ—É–Ω–∫—Ü—ñ—î—é –∫–µ—Ä—É–≤–∞–Ω–Ω—è –ø—Ä–∏–ª–∞–¥–∞–º–∏, —Ä–æ–∑—É–º–Ω—ñ —Ä–æ–∑–µ—Ç–∫–∏ —Ç–∞ —Ä–µ–ª–µ.",–£–∫—Ä–∞—ó–Ω–∞,"ANDROID,PYTHON,TENSORFLOW,GIT",22 –≥—Ä—É–¥–Ω—è 2023,83,6,,3
Middle/Senior BE engineer with Python knowledge,"We are seeking a seasoned Backend Engineer who possesses a passion for crafting cutting-edge solutions. This role involves contributing to the development of our innovative, startup-like projects leveraging computational science and AI for the automation of construction planning.",–£–∫—Ä–∞—ó–Ω–∞,"PYTHON,MYSQL,FAST,C#,DJANGO",23 –≥—Ä—É–¥–Ω—è 2023,54,5,Advanced/Fluent,3
Senior Python Engineer,Description:,–£–∫—Ä–∞—ó–Ω–∞,"PYTHON,MYSQL,POSTGRESQL,DJANGO,FLASK",22 –≥—Ä—É–¥–Ω—è 2023,70,5,Intermediate,5
Senior Python Developer for AI Project (Location - Germany only) qp,‚úÖ,"–†–µ–ª–æ–∫–µ–π—Ç,–ù—ñ–º–µ—á—á–∏–Ω–∞",PYTHON,22 –≥—Ä—É–¥–Ω—è 2023,91,15,Upper-Intermediate,5
Python Developer/AI Specialist (part - time),üì≤,–£–∫—Ä–∞—ó–Ω–∞,PYTHON,22 –≥—Ä—É–¥–Ω—è 2023,173,29,Upper-Intermediate,5
Senior Python-focused engineer with BE knowledge,"We are seeking a seasoned python-focused engineer who possesses a passion for crafting cutting-edge solutions. This role involves contributing to the development of our innovative, startup-like projects leveraging computational science and AI for the automation of construction planning.",–£–∫—Ä–∞—ó–Ω–∞,"MYSQL,FAST,PYTHON,C#",23 –≥—Ä—É–¥–Ω—è 2023,54,0,Advanced/Fluent,5
Senior Python developer for an AI startup,*This is a 100% remote position.,–Ü–∑—Ä–∞—ó–ª—å,"DEVELOPER,PYTHON",20 –≥—Ä—É–¥–Ω—è 2023,142,37,Upper-Intermediate,5
Senior Python Developer (Django),"Quintagroup —à—É–∫–∞—î —Å–µ–Ω—ñ–æ—Ä Python/Django —Ä–æ–∑—Ä–æ–±–Ω–∏–∫—ñ–≤ –≤ –∫–æ–º–∞–Ω–¥–∏ —â–æ –ø—Ä–∞—Ü—é—é—Ç—å –Ω–∞–¥ —Å—Ç–≤–æ—Ä–µ–Ω–Ω—è–º –ø—Ä–æ–¥—É–∫—Ç—ñ–≤ –∫–æ–º–ø–∞–Ω—ñ—ó —â–æ –∑–∞–π–º–∞—î—Ç—å—Å—è –≤–∏—Ä–æ–±–Ω–∏—Ü—Ç–≤–æ–º —Ç–∞ –≤—Å—Ç–∞–Ω–æ–≤–ª–µ–Ω–Ω—è–º —Å–æ–Ω—è—á–Ω–∏—Ö –ø–∞–Ω–µ–ª–µ–π. Technology stack: Python, Django.",–£–∫—Ä–∞—ó–Ω–∞,"PYTHON,DJANGO,AWS,REST",21 –≥—Ä—É–¥–Ω—è 2023,60,19,Upper-Intermediate,3
Python Developer,"We are seeking a talented and passionate Python Developer to join our dynamic development team. You will play a role in designing and implementing server-side applications, contributing to the integration of user-facing elements, and ensuring the overall performance and responsiveness.","–£–∫—Ä–∞—ó–Ω–∞,–û–± º—î–¥–Ω–∞–Ω—ñ,–ê—Ä–∞–±—Å—å–∫—ñ,–ï–º—ñ—Ä–∞—Ç–∏","PYTHON,ANGULAR,REST,DEVELOPER,REACT,JAVASCRIPT,CSS,HTML,GOLANG",20 –≥—Ä—É–¥–Ω—è 2023,729,230,Upper-Intermediate,1
Python (Django) Developer,Not specified,–£–∫—Ä–∞—ó–Ω–∞,"PYTHON,REST,MYSQL,FAST,CI/CD,CSS,MONGODB,ELASTICSEARCH,DJANGO",20 –≥—Ä—É–¥–Ω—è 2023,263,81,Intermediate,2
Senior Software Engineer (IoT),Quintagroup is looking for Software Enginee engineer  to join the development team of IoT solutions.,–£–∫—Ä–∞—ó–Ω–∞,"PYTHON,DJANGO,GIT",21 –≥—Ä—É–¥–Ω—è 2023,37,2,Intermediate,3
Senior Python Developer,"We are young, creative and brave specialists. Our only mission is to Keep IT Sweet and Simple (K.I.S.S.) for you. It is our philosophy and sole aim. We are striving to make the process of IT development for you as simple and clear as one, two, three.",–£–∫—Ä–∞—ó–Ω–∞,"PYTHON,MICROSERVICES,DEVELOPER,FAST,AIRFLOW,MONGODB,TENSORFLOW,AGILE",20 –≥—Ä—É–¥–Ω—è 2023,29,6,,3
IoT developer  (LoRaWAN),Quintagroup is looking for LoRaWAN engineer  to join the development team of IoT solutions.,–£–∫—Ä–∞—ó–Ω–∞,"PYTHON,DJANGO,GIT",21 –≥—Ä—É–¥–Ω—è 2023,43,6,Intermediate,3
Senior Python Engineer IRC206424,Not specified,–£–∫—Ä–∞—ó–Ω–∞,"PYTHON,DJANGO,MICROSERVICES,CI/CD",20 –≥—Ä—É–¥–Ω—è 2023,129,45,Upper-Intermediate,3
Senior Python Developer,We are seeking a talented and experienced,"–†–µ–ª–æ–∫–µ–π—Ç,–ë–æ–ª–≥–∞—Ä—ñ—è,–£–≥–æ—Ä—â–∏–Ω–∞,–ü–æ–ª—å—â–∞,–°–ª–æ–≤–∞—á—á–∏–Ω–∞","PYTHON,AWS,DEVELOPER,PYTORCH,AGILE",21 –≥—Ä—É–¥–Ω—è 2023,92,15,Upper-Intermediate,3
Middle Python Developer with Experience in ML/NLP frameworks,Looking for middle Python Developer with Experience in ML/NLP frameworks,"–ß–µ—Ö—ñ—è,–ü–æ–ª—å—â–∞,–ü–æ—Ä—Ç—É–≥–∞–ª—ñ—è,–°–ª–æ–≤–∞—á—á–∏–Ω–∞,–£–∫—Ä–∞—ó–Ω–∞","DEVELOPER,PYTHON,AWS",21 –≥—Ä—É–¥–Ω—è 2023,111,21,Upper-Intermediate,3
Python Developer,"We are seeking a talented and experienced Python Developer to join our team, focused on working with ChatGPT, AWS GlueJobs, and AWS SageMaker or Azure Cloud Platform tools. The ideal candidate will have a strong background in software development, machine learning, and cloud-based services. The Python Developer will be responsible for building and maintaining applications and infrastructure that leverage ChatGPT and other AI technologies to create innovative solutions for our clients.","–ü–æ–ª—å—â–∞,–£–∫—Ä–∞—ó–Ω–∞","PYTHON,AWS,DEVELOPER,PYTORCH,AGILE",21 –≥—Ä—É–¥–Ω—è 2023,82,14,Upper-Intermediate,2
Middle Python Developer,"We are seeking a talented and experienced Python Developer to join our team, focused on working with ChatGPT, AWS GlueJobs, and AWS SageMaker or Azure Cloud Platform tools. The ideal candidate will have a strong background in software development, machine learning, and cloud-based services. The Python Developer will be responsible for building and maintaining applications and infrastructure that leverage ChatGPT and other AI technologies to create innovative solutions for our clients.","–ö—ñ–ø—Ä,–ü–æ–ª—å—â–∞,–°–ª–æ–≤–∞—á—á–∏–Ω–∞,–¢—É—Ä–µ—á—á–∏–Ω–∞,–ë–æ–ª–≥–∞—Ä—ñ—è","PYTHON,AWS,DEVELOPER,PYTORCH,AGILE,GIT",21 –≥—Ä—É–¥–Ω—è 2023,44,14,Upper-Intermediate,2
Python Developer (Data engineering),Not specified,–£–∫—Ä–∞—ó–Ω–∞,"SQL,PYTHON,AWS",21 –≥—Ä—É–¥–Ω—è 2023,263,34,Intermediate,1
"Senior Python Developer(AI, ML experience)",Job Description:,"–ë–æ–ª–≥–∞—Ä—ñ—è,–ö—ñ–ø—Ä,–ü–æ–ª—å—â–∞,–°–ª–æ–≤–∞—á—á–∏–Ω–∞,–¢—É—Ä–µ—á—á–∏–Ω–∞","PYTHON,AWS,DEVELOPER,PYTORCH,AGILE",21 –≥—Ä—É–¥–Ω—è 2023,36,6,Upper-Intermediate,3
Middle Python Developer,Not specified,"–ö—ñ–ø—Ä,–ù—ñ–º–µ—á—á–∏–Ω–∞,–Ü—Å–ø–∞–Ω—ñ—è,–ü–æ–ª—å—â–∞,–ü–æ—Ä—Ç—É–≥–∞–ª—ñ—è",SQL,21 –≥—Ä—É–¥–Ω—è 2023,32,6,Intermediate,2
Senior Backend Engineer (Python),"–°—Ç–µ–∫: Python 3.9, Django 4, DRF, Celery, PostgreSQL, Redis, Kafka, RabbitMQ, OpenAPI, Swagger, Pytest",–£–∫—Ä–∞—ó–Ω–∞,"PYTEST,PYTHON,KUBERNETES,REST,DEVELOPER,WEBSOCKET,FASTAPI,REACT,CELERY,CI/CD,SQL,REDIS,SELENIUM,DJANGO,GIT",18 –≥—Ä—É–¥–Ω—è 2023,44,4,Intermediate,5
Python Developer in Test (Apps),Not specified,"–†–µ–ª–æ–∫–µ–π—Ç,–£–∫—Ä–∞—ó–Ω–∞","ANDROID,PYTHON,CI/CD",18 –≥—Ä—É–¥–Ω—è 2023,105,8,,2
Python Developer,Not specified,–£–∫—Ä–∞—ó–Ω–∞,"PYTHON,REST,LINUX,SQL,GIT",18 –≥—Ä—É–¥–Ω—è 2023,333,164,Upper-Intermediate,2
Senior Python Backend Engineer,Not specified,–£–∫—Ä–∞—ó–Ω–∞,"PYTHON,AWS,REST,FAST,DJANGO",18 –≥—Ä—É–¥–Ω—è 2023,52,20,Upper-Intermediate,5
Lead AI Engineer,Role:,–£–∫—Ä–∞—ó–Ω–∞,MICROSERVICES,19 –≥—Ä—É–¥–Ω—è 2023,94,16,Pre-Intermediate,5
Middle Python Developer,–ù–µ–æ–±—Ö—ñ–¥–Ω—ñ –Ω–∞–≤–∏—á–∫–∏,–£–∫—Ä–∞—ó–Ω–∞,"PYTHON,ANGULAR,REST,ELASTICSEARCH,DJANGO",19 –≥—Ä—É–¥–Ω—è 2023,121,34,Intermediate,3
Senior Python developer,We‚Äôre looking for an experienced Python developer to join our team.,–£–∫—Ä–∞—ó–Ω–∞,"PYTHON,DEVELOPER,AGILE,JAVASCRIPT",18 –≥—Ä—É–¥–Ω—è 2023,51,11,Upper-Intermediate,5
Senior Full Stack Software Developer (Python+JS),We‚Äôre in search of an experienced Senior Full stack Software Developer ready to significantly impact on the product development of our groundbreaking Defense Platform. This platform is set to revolutionize the economics of cybercrime and we‚Äôre thrilled about its possibilities.,"–ü–æ–ª—å—â–∞,–£–∫—Ä–∞—ó–Ω–∞","PYTHON,AWS,DEVELOPER,GCP,JAVASCRIPT,CI/CD,SQL,HTML",18 –≥—Ä—É–¥–Ω—è 2023,68,14,Upper-Intermediate,5
Senior Python Developer,The Germany based current customer of Particles Global is looking for a Senior Python Developer to join the team from January 2024.,"–ù—ñ–º–µ—á—á–∏–Ω–∞,–£–∫—Ä–∞—ó–Ω–∞","DEVELOPER,PYTHON,EXPRESS,AWS",20 –≥—Ä—É–¥–Ω—è 2023,59,14,Upper-Intermediate,5
Looking Middle Python Developer,Looking Middle Python Developer,–£–∫—Ä–∞—ó–Ω–∞,"PYTEST,PYTHON,GITLAB,WEBSOCKET,AWS,DEVELOPER,JAVASCRIPT",19 –≥—Ä—É–¥–Ω—è 2023,86,24,Upper-Intermediate,3
Middle Python,"–ú–∏ –∑–∞–ø—Ä–æ—à—É—î–º–æ –º–æ–ª–æ–¥—à–æ–≥–æ —Ä–æ–∑—Ä–æ–±–Ω–∏–∫–∞ Python –¥–ª—è —É—á–∞—Å—Ç—ñ —É —Å—Ç–≤–æ—Ä–µ–Ω–Ω—ñ –≤–∏—Å–æ–∫–æ—è–∫—ñ—Å–Ω–∏—Ö —Ç–∞ –µ—Ñ–µ–∫—Ç–∏–≤–Ω–∏—Ö –ø—Ä–æ–≥—Ä–∞–º–Ω–∏—Ö —Ä—ñ—à–µ–Ω—å. –í–∏–º–æ–≥–∏ –≤–∫–ª—é—á–∞—é—Ç—å –±–∞–∑–æ–≤—ñ –∑–Ω–∞–Ω–Ω—è Python, –±–∞–∂–∞–Ω–Ω—è –≤–∏–≤—á–∞—Ç–∏ –Ω–æ–≤—ñ —Ç–µ—Ö–Ω–æ–ª–æ–≥—ñ—ó —Ç–∞ —Ä–æ–±–æ—Ç–∏ –∑ —Ñ—Ä–µ–π–º–≤–æ—Ä–∫–∞–º–∏.",–£–∫—Ä–∞—ó–Ω–∞,"GIT,PYTHON,DJANGO,POSTGRESQL",20 –≥—Ä—É–¥–Ω—è 2023,303,148,,1
Middle Python Developer,"We are looking for a passionate, energetic Python developer who will successfully deliver solutions for our customers due to their business goals.",–£–∫—Ä–∞—ó–Ω–∞,"LINUX,DEVELOPER,PYTHON,REDIS",19 –≥—Ä—É–¥–Ω—è 2023,122,27,,2
Senior Developer / CI Developer (IRC206222),"We are looking for a team to support us with Core System Application Integration, we are in need of an agile team, building test environments for new platforms and programs. We need support to design hardware rigs that are working with our software and electronic domain integration. Striving to maximize the test-value. Our rigs are part of our Continuous integration (CI) and provide feedback of the electrical system to enable high quality and robustness. We improve quality by enabling automated integration and visualizing the status of the system-under-test.",–ü–æ–ª—å—â–∞,"PYTHON,LINUX,DEVELOPER,JENKINS,AGILE,GIT",20 –≥—Ä—É–¥–Ω—è 2023,7,0,Upper-Intermediate,5
Middle Python Developer,Not specified,–£–∫—Ä–∞—ó–Ω–∞,"PYTHON,REST,DEVELOPER,TENSORFLOW,POSTGRESQL",20 –≥—Ä—É–¥–Ω—è 2023,106,32,Upper-Intermediate,3
Python/Django Engineer,Hey guys üëã,–£–∫—Ä–∞—ó–Ω–∞,REACT,20 –≥—Ä—É–¥–Ω—è 2023,84,8,Upper-Intermediate,3
Python Developer,–ù–∞—à–∞ –∫–æ–º–ø–∞–Ω—ñ—è –∑–Ω–∞—Ö–æ–¥–∏—Ç—å—Å—è –≤ –ø–æ—à—É–∫—É –∫–æ–ª–µ–≥–∏ - Python —Ä–æ–∑—Ä–æ–±–Ω–∏–∫–∞ –¥–ª—è —É—á–∞—Å—Ç—ñ —É –∑–∞–∫–æ—Ä–¥–æ–Ω–Ω–∏—Ö –¥–æ–≤–≥–æ—Å—Ç—Ä–æ–∫–æ–≤–∏—Ö –≤–µ–±-–ø—Ä–æ–µ–∫—Ç–∞—Ö.,–£–∫—Ä–∞—ó–Ω–∞,"LINUX,PYTHON,GIT",18 –≥—Ä—É–¥–Ω—è 2023,137,42,,2
Middle Strong Python Dev,"Codify is a Professional Software Development Powerhouse. Codify provides expert consulting, development and infrastructure services. We work on projects of different scales: from websites and mobile apps to enterprise systems and software solutions.","–£–∫—Ä–∞—ó–Ω–∞,–Ü–∑—Ä–∞—ó–ª—å,–ö—ñ–ø—Ä","DEVELOPER,AGILE,PYTHON",15 –≥—Ä—É–¥–Ω—è 2023,94,10,Advanced/Fluent,3
Senior Python Developer (with AWS skills),"We are looking for a Python Developer (with AWS skills) for a new and cutting-edge stealth startup, with a goal to ensure risk-free software releases, while bridging the gap between engineering and security teams.",–£–∫—Ä–∞—ó–Ω–∞,"PYTHON,AWS,DEVELOPER,JAVASCRIPT,AGILE",15 –≥—Ä—É–¥–Ω—è 2023,34,7,Upper-Intermediate,5
Database Developer (Graph Databases),"If you‚Äôre looking for a friendly team, a healthy working environment, and a flexible schedule ‚Äí you‚Äôve found the right place to send your CV.",–£–∫—Ä–∞—ó–Ω–∞,"PYTHON,AIRFLOW,GIT",15 –≥—Ä—É–¥–Ω—è 2023,50,5,Upper-Intermediate,5
Python Developer,"Looking for a Python Developer to join the Dataforest team. If you are looking for a friendly team, a healthy working environment, and a flexible schedule ‚Äí you have found the right place to send your CV.",–£–∫—Ä–∞—ó–Ω–∞,"DEVELOPER,PYTHON,FLASK-RESTFUL,HTML",18 –≥—Ä—É–¥–Ω—è 2023,313,39,Intermediate,1
Middle Python/Machine Learning Software Engineer,Job Descriptio,–£–∫—Ä–∞—ó–Ω–∞,"LINUX,PYTHON,GIT",15 –≥—Ä—É–¥–Ω—è 2023,299,113,Upper-Intermediate,3
"Middle Python/Django developer, full stack (front preferable vue.js)","We are looking for an experienced Middle Python Developer ready to join our team and contribute to an innovative project in the tourism and hospitality industry. Our platform connects travel agency managers and hoteliers by providing a user-friendly booking system and travel marketplace. If you have an analytical mind, the ability to find solutions independently, and experience with Python, Django, Vue.js, and Docker, we are waiting for you!",–£–∫—Ä–∞—ó–Ω–∞,"PYTHON,REST,DEVELOPER,VUE.JS,DJANGO",17 –≥—Ä—É–¥–Ω—è 2023,82,16,Intermediate,2
Staff Software Engineer/Tech lead,"Tech Lead is a technical expert and a leader who plays a crucial role in guiding the development team, making technical decisions, and ensuring the successful delivery of a high-quality software product.",–£–∫—Ä–∞—ó–Ω–∞,"MYSQL,PYTHON,AWS",18 –≥—Ä—É–¥–Ω—è 2023,46,0,Advanced/Fluent,5
Python Lead,Not specified,–£–∫—Ä–∞—ó–Ω–∞,"PYTHON,AWS,SQL,POSTGRES,AGILE",18 –≥—Ä—É–¥–Ω—è 2023,21,6,Upper-Intermediate,5
Python Engineer (Poland),"We are a pioneer in the field of Enhanced Sensory AI, and are proud to say that we have transformed customer and field service sectors. With an impressive portfolio of patents in AI and augmented reality, we introduced the concept of remote visual support to the broader audience.",–ü–æ–ª—å—â–∞,"AWS,CELERY,CI/CD,SQL,DJANGO",18 –≥—Ä—É–¥–Ω—è 2023,21,4,Upper-Intermediate,5
Middle/Senior Full Stack (Python / React.js / TypeScript),Not specified,–£–∫—Ä–∞—ó–Ω–∞,"PYTHON,REST,REACT,JAVASCRIPT,POSTGRESQL",18 –≥—Ä—É–¥–Ω—è 2023,46,8,Upper-Intermediate,3
Senior Python (Django) Developer,Not specified,"–®–≤–µ—Ü—ñ—è,–£–∫—Ä–∞—ó–Ω–∞",AGILE,18 –≥—Ä—É–¥–Ω—è 2023,60,19,Intermediate,5
Python Engineer,Not specified,–£–∫—Ä–∞—ó–Ω–∞,"GIT,FLASK,AWS",18 –≥—Ä—É–¥–Ω—è 2023,80,21,Upper-Intermediate,3
Python developer / strong junior,Not specified,–£–∫—Ä–∞—ó–Ω–∞,PYTHON,18 –≥—Ä—É–¥–Ω—è 2023,447,86,Pre-Intermediate,1
Senior Python developer (Location - Germany),Not specified,–ù—ñ–º–µ—á—á–∏–Ω–∞,PYTHON,13 –≥—Ä—É–¥–Ω—è 2023,42,2,Upper-Intermediate,5
Team Lead / Senior Python Engineer (Indigo Ag),We are looking for a Team Lead/Senior Software Engineer to join an Indigo Ag Engineering Organization. Indigo is determined to build a development center in Ukraine. Indigo Ag is a Unicorn Boston Startup with over 1200 employees.,–£–∫—Ä–∞—ó–Ω–∞,"REDIS,PYTHON",13 –≥—Ä—É–¥–Ω—è 2023,43,12,Upper-Intermediate,5
Senior Python Developer,"Development of monitoring and diagnostics system. It fulfils both local and remote data access and analytics requirement, as well as local and remote troubleshooting purpose.",–£–∫—Ä–∞—ó–Ω–∞,"PYTHON,AGILE,AWS",13 –≥—Ä—É–¥–Ω—è 2023,25,3,Upper-Intermediate,5
Python Developer,"Join our team as an experienced Python Developer, where you will take a role in building and optimizing our AWS cloud infrastructure. This position requires hands-on experience with AWS services, proficiency in Python, and a strong background in deploying and managing infrastructure using Terraform.",–£–∫—Ä–∞—ó–Ω–∞,"FASTAPI,PYTHON,CI/CD,AWS",13 –≥—Ä—É–¥–Ω—è 2023,166,43,Intermediate,3
Senior Python Developer with AWS,Not specified,–£–∫—Ä–∞—ó–Ω–∞,"PYTHON,AGILE,AWS",14 –≥—Ä—É–¥–Ω—è 2023,37,5,Upper-Intermediate,5
Python Developer (Scraping),Looking for a,–£–∫—Ä–∞—ó–Ω–∞,FLASK-RESTFUL,14 –≥—Ä—É–¥–Ω—è 2023,321,51,Intermediate,1
Python Developer for EdTech company,–®—É–∫–∞—î–º–æ –ö–£–†–ê–¢–û–†–ê/–ö–£–†–ê–¢–û–†–ö–£ –Ω–∞ –∫—É—Ä—Å Python Beginning —É Projector Institute.,–£–∫—Ä–∞—ó–Ω–∞,PYTHON,13 –≥—Ä—É–¥–Ω—è 2023,58,4,Intermediate,3
Senior Python Developer with AWS,Project Description:,–£–∫—Ä–∞—ó–Ω–∞,"PYTHON,AGILE,AWS",14 –≥—Ä—É–¥–Ω—è 2023,31,5,Upper-Intermediate,5
Senior Python Developer,"–í—ñ—Ç–∞—é! –Ø –ö–∞—Ç–µ—Ä–∏–Ω–∞, —Ä–µ–∫—Ä—É—Ç–µ—Ä –õ—ñ–Ω—ñ—ó –º–∞–≥–∞–∑–∏–Ω—ñ–≤ EVA.",–£–∫—Ä–∞—ó–Ω–∞,"DEVELOPER,PYTHON",15 –≥—Ä—É–¥–Ω—è 2023,62,13,,3
Software Engineer (Python),What We Expect of You:,–£–∫—Ä–∞—ó–Ω–∞,"PYTHON,AWS,KUBERNETES,REACT,JAVASCRIPT,JAVA,GOLANG",15 –≥—Ä—É–¥–Ω—è 2023,49,6,Intermediate,3
Senior Software Engineer (Python),What We Expect of You:,–£–∫—Ä–∞—ó–Ω–∞,"PYTHON,AWS,KUBERNETES,REACT,JAVASCRIPT,JAVA,GOLANG",15 –≥—Ä—É–¥–Ω—è 2023,24,1,Intermediate,5
Team Lead Python/Django,We are seeking a highly skilled and experienced Team Lead Python/Django to join our dynamic team.,–£–∫—Ä–∞—ó–Ω–∞,"PYTHON,CI/CD",14 –≥—Ä—É–¥–Ω—è 2023,71,17,Upper-Intermediate,3
Scraping Engineer,Not specified,–£–∫—Ä–∞—ó–Ω–∞,"LINUX,PYTHON,SQL,AWS",15 –≥—Ä—É–¥–Ω—è 2023,208,49,Upper-Intermediate,2
Data Aggregation Specialist (Python),"Jooble is a Ukrainian product IT company that ranks in the top 10 most visited websites in the world in the Jobs and Employment segment. The company's main product is a job search website, which is used by around 90 million users in 67 countries around the world each month, both employers and job seekers. In addition, Jooble is developing an ecosystem of related products and investing in startups based on employment through Jooble Venture Lab.",–£–∫—Ä–∞—ó–Ω–∞,"PYTHON,GITLAB,OOP,HTML,GIT",14 –≥—Ä—É–¥–Ω—è 2023,203,69,,1
Python Engineer (OCR and Document Processing),Not specified,–£–∫—Ä–∞—ó–Ω–∞,"SQL,FAST,PYTHON",11 –≥—Ä—É–¥–Ω—è 2023,170,20,Upper-Intermediate,2
Python Developer,Not specified,–ï—Å—Ç–æ–Ω—ñ—è,"PYTHON,AGILE",11 –≥—Ä—É–¥–Ω—è 2023,409,122,Upper-Intermediate,1
Software Engineer with VoIP experience,We are looking for a Senior Software Engineer who will help us to build infrastructure for deploying real-time machine learning models.,–£–∫—Ä–∞—ó–Ω–∞,PYTHON,11 –≥—Ä—É–¥–Ω—è 2023,64,4,Upper-Intermediate,5
Middle to Senior Python Engineer,"As a Middle to Senior Python Engineer, you will be instrumental in developing complex applications, collaborating with cross-functional teams, and pushing the boundaries of what's possible with Python. Your extensive experience will guide the team towards maintaining best coding practices, ensuring efficient and high-quality software solutions.","–ë–æ–ª–≥–∞—Ä—ñ—è,–Ü—Å–ø–∞–Ω—ñ—è,–£–∫—Ä–∞—ó–Ω–∞",PYTHON,11 –≥—Ä—É–¥–Ω—è 2023,47,11,Upper-Intermediate,3
Middle Python Developer,"Looking for a Middle Python Developer to join the Dataforest team. If you are looking for a friendly team, a healthy working environment, and a flexible schedule ‚Äí you have found the right place to send your CV.","–ü–æ–ª—å—â–∞,–£–∫—Ä–∞—ó–Ω–∞","DEVELOPER,PYTHON,FLASK-RESTFUL,HTML",11 –≥—Ä—É–¥–Ω—è 2023,182,27,Intermediate,2
Large Language Model (LLM) Engineer,"We are seeking a dedicated Large Language Model (LLM) Engineer to join our AI team. The ideal candidate will be responsible for developing, fine-tuning, and deploying language models to solve diverse business challenges. If you have a passion for and AI and a deep understanding of transformer architectures, this position might be for you.","–ë–æ–ª–≥–∞—Ä—ñ—è,–Ü—Å–ø–∞–Ω—ñ—è,–£–∫—Ä–∞—ó–Ω–∞",,11 –≥—Ä—É–¥–Ω—è 2023,28,3,Upper-Intermediate,3
Middle Python Developer,–ù–∞—à–∞ —Å–ø—ñ–≤–ø—Ä–∞—Ü—è –ø–µ—Ä–µ–¥–±–∞—á–∞—î —Ä–æ–±–æ—Ç—É —Ç—ñ–ª—å–∫–∏ –≤ –æ—Ñ—ñ—Å—ñ –≤ –º—ñ—Å—Ç—ñ –î–Ω—ñ–ø—Ä–æ!,–£–∫—Ä–∞—ó–Ω–∞,"PYTHON,KUBERNETES,SWAGGER,REDIS,JAVA",11 –≥—Ä—É–¥–Ω—è 2023,139,5,Intermediate,2
Python developer,"–ù–∞—à–∞ –∫–æ–º–ø–∞–Ω—ñ—è ‚Äì —Ü–µ –∫–æ–º–∞–Ω–¥–∞ –µ–Ω—Ç—É–∑—ñ–∞—Å—Ç—ñ–≤, —â–æ —Å—Ç–≤–æ—Ä—é—é—Ç—å –ø–µ—Ä–µ–¥—É–º–æ–≤–∏ –≤ IT –≥–∞–ª—É–∑—ñ –£–∫—Ä–∞—ó–Ω–∏ –¥–ª—è –ø–µ—Ä–µ—Ö–æ–¥—É —ñ–∑ –∞—É—Ç—Å–æ—Ä—Å—É –¥–æ —Ä–æ–±–æ—Ç–∏ –Ω–∞–¥ –≤–ª–∞—Å–Ω–∏–º–∏ –ø—Ä–æ–¥—É–∫—Ç–∞–º–∏. –†–∞–∑–æ–º —ñ–∑ –∑–∞—Ö—ñ–¥–Ω–∏–º–∏ –ø–∞—Ä—Ç–Ω–µ—Ä–∞–º–∏ –º–∏ —Å—Ç–≤–æ—Ä–∏–ª–∏ https://projectukraine.online —ñ –∑–∞–ø—É—Å–∫–∞—î–º–æ –¥–µ–∫—ñ–ª—å–∫–∞ —ñ–Ω–Ω–æ–≤–∞—Ü—ñ–π–Ω–∏—Ö —Ç–∞ –º–∞—Å—à—Ç–∞–±–Ω–∏—Ö –ø—Ä–æ—î–∫—Ç—ñ–≤, —è–∫—ñ –¥–æ–ø–æ–º–∞–≥–∞—Ç–∏–º—É—Ç—å —É–∫—Ä–∞—ó–Ω—Ü—è–º —ñ —Å–≤—ñ—Ç—É.",–£–∫—Ä–∞—ó–Ω–∞,"PYTHON,DJANGO,REST",12 –≥—Ä—É–¥–Ω—è 2023,209,69,,2
Python developer –Ω–∞ –ø–ª–∞—Ç—Ñ–æ—Ä–º—ñ Odoo,"–í—ñ—Ç–∞—é! –ú–∏ IT outsource –∫–æ–º–ø–∞–Ω—ñ—è, —è–∫–∞ –∑–∞—Ä–∞–∑ –Ω–∞ —à–ª—è—Ö—É –∞–≤—Ç–æ–º–∞—Ç–∏–∑–∞—Ü—ñ—ó —Å–≤–æ—ó—Ö –±—ñ–∑–Ω–µ—Å-–ø—Ä–æ—Ü–µ—Å—ñ–≤. –ù–∞—Ä–∞–∑—ñ –º–∏ —Å—Ç–≤–æ—Ä—é—î–º–æ –Ω–æ–≤—É –∫–æ–º–∞–Ω–¥—É –¥–ª—è —Ä–æ–∑—Ä–æ–±–∫–∏ –ø—Ä–æ–¥—É–∫—Ç—ñ–≤ –Ω–∞ Odoo —ñ —à—É–∫–∞—î–º–æ –¥–æ—Å–≤—ñ–¥—á–µ–Ω–æ–≥–æ —Ä–æ–∑—Ä–æ–±–Ω–∏–∫–∞ Python, —è–∫–∏–π –¥–æ–ø–æ–º–æ–∂–µ –Ω–∞–º –∑–∞–∫–ª–∞—Å—Ç–∏ –æ—Å–Ω–æ–≤—É –∫–æ–º–∞–Ω–¥–∏.",–£–∫—Ä–∞—ó–Ω–∞,"POSTGRESQL,PYTHON,JAVASCRIPT,GIT",12 –≥—Ä—É–¥–Ω—è 2023,28,3,Pre-Intermediate,2
Senior Python Software Engineer with Data Science experience (in Europe),Not specified,–£–∫—Ä–∞—ó–Ω–∞,PYTHON,12 –≥—Ä—É–¥–Ω—è 2023,19,1,Upper-Intermediate,5
Senior Python Developer with AWS,"Project Description: Development of monitoring and diagnostics system. It fulfils both local and remote data access and analytics requirement, as well as local and remote troubleshooting purpose.",–£–∫—Ä–∞—ó–Ω–∞,AGILE,13 –≥—Ä—É–¥–Ω—è 2023,32,2,Upper-Intermediate,5
Junior Python Developer (full stack),We are currently seeking a motivated and skilled Junior Python Developer with a passion for full-stack development.,–£–∫—Ä–∞—ó–Ω–∞,"PYTHON,REST,LINUX,DEVELOPER,PANDAS,SQL,POSTGRES,DJANGO,GIT",12 –≥—Ä—É–¥–Ω—è 2023,515,100,Intermediate,1
Senior Python Developer with AWS,"Project Description:Development of monitoring and diagnostics system. It fulfils both local and remote data access and analytics requirement, as well as local and remote troubleshooting purpose.",–£–∫—Ä–∞—ó–Ω–∞,"PYTHON,AGILE,AWS",13 –≥—Ä—É–¥–Ω—è 2023,14,1,Upper-Intermediate,5
Python + Django,"JetUp Digital —à—É–∫–∞—î —Ä–æ–∑—Ä–æ–±–Ω–∏–∫–∞ Python + Django, –ø—Ä–æ—î–∫—Ç–Ω–∞ —Ä–æ–±–æ—Ç–∞.",–£–∫—Ä–∞—ó–Ω–∞,"PYTHON,DJANGO,REST",13 –≥—Ä—É–¥–Ω—è 2023,630,193,Pre-Intermediate,1
Python (Odoo) Developer,"–í—ñ—Ç–∞—î–º–æ! –ú–∏ –∫–æ–º–∞–Ω–¥–∞ ToDo. –í—Ö–æ–¥–∏–º–æ –¥–æ —Å–∫–ª–∞–¥—É –≤–µ–ª–∏–∫–æ—ó —É–∫—Ä–∞—ó–Ω—Å—å–∫–æ—ó –Ü–¢ team, —â–æ –∑ 2003 —Ä–æ–∫—É —Å–ø–µ—Ü—ñ–∞–ª—ñ–∑—É—î—Ç—å—Å—è –Ω–∞ –∞–≤—Ç–æ–º–∞—Ç–∏–∑–∞—Ü—ñ—ó –±—ñ–∑–Ω–µ—Å-–ø—Ä–æ—Ü–µ—Å—ñ–≤. –†–∞–∑–æ–º –º–∏ –≤–ø—Ä–æ–≤–∞–¥–∂—É—î–º–æ IT-—Ä—ñ—à–µ–Ω–Ω—è –≤—ñ–¥ –ø—Ä–æ–≤—ñ–¥–Ω–∏—Ö –≤–µ–Ω–¥–æ—Ä—ñ–≤ —ñ —Å—Ç–≤–æ—Ä—é—î–º–æ –≤–ª–∞—Å–Ω—ñ, —â–æ–± –æ–ø—Ç–∏–º—ñ–∑—É–≤–∞—Ç–∏ —Ä–æ–±–æ—Ç—É –≤–∏—Ä–æ–±–Ω–∏—Ü—Ç–≤, —Ä—ñ—Ç–µ–π–ª—É, —Å–∫–ª–∞–¥—ñ–≤, –∞–≤—Ç–æ—Å–µ—Ä–≤—ñ—Å—ñ–≤ —Ç–æ—â–æ.",–£–∫—Ä–∞—ó–Ω–∞,"PYTHON,JAVASCRIPT,CSS,SQL,GITHUB,HTML",13 –≥—Ä—É–¥–Ω—è 2023,174,37,,1
Senior - Regular Python Developer ( EST working hours),Not specified,–£–∫—Ä–∞—ó–Ω–∞,"PYTHON,AWS,AIRFLOW,PANDAS,SQL",23 –ª–∏—Å—Ç–æ–ø–∞–¥–∞ 2023,91,14,Upper-Intermediate,3
Tech Lead Data Engineer (Python),Not specified,"–ß–µ—Ö—ñ—è,–£–∫—Ä–∞—ó–Ω–∞","PYTHON,LINUX,JAVASCRIPT,SQL,DJANGO",10 –≥—Ä—É–¥–Ω—è 2023,70,16,Intermediate,3
Junior Python Developer,You should be able to pick some code and understand how to integrate it in Django to build AI-Marketing Product. Our goal - create Auto-Marketer PPC Tool.,"–í–µ–ª–∏–∫–∞,–ë—Ä–∏—Ç–∞–Ω—ñ—è,–°–ø–æ–ª—É—á–µ–Ω—ñ,–®—Ç–∞—Ç–∏","PYTHON,DJANGO",10 –≥—Ä—É–¥–Ω—è 2023,472,121,Pre-Intermediate,2
Pyton Developer 4+ years exp,Responsibilities:,–£–∫—Ä–∞—ó–Ω–∞,REST,23 –∂–æ–≤—Ç–Ω—è 2023,44,7,,5
Python developer with Cloud and DevOps experience,Project Description:,–£–∫—Ä–∞—ó–Ω–∞,"MICROSERVICES,GITLAB,AWS,LINUX,K8S,AGILE,GIT",27 –ª–∏—Å—Ç–æ–ø–∞–¥–∞ 2023,67,12,Upper-Intermediate,2
